Location,Bedrooms,Bathrooms,Land (SquareMeters),HouseType,Price
Pusat,3,2,261,Apartment,9500000000
Selatan,5,3,200,House,10800000000
Pusat,2,1,61,Apartment,2100000000
Timur,5,4,175,House,2250000000
Timur,5,5,400,House,4000000000
Selatan,3,3,173,Apartment,3000000000
Timur,3,1.5,100,Condo,2800000000
Selatan,3,2.5,250,House,7940000000
Selatan,2,1,56,Apartment,1500000000
Selatan,3,3,173,Apartment,3000000000
Selatan,4,5,880,Apartment,45000000000
Selatan,5,5,249,Apartment,13900000000
Barat,5,3,550,House,6500000000
Barat,4,3,105,House,2400000000
Barat,3,2,132,House,1950000000
Selatan,3,2,167,Apartment,2500000000
Barat,8,4,240,House,3250000000
Barat,3,3,200,House,3500000000
Barat,2,2,220,House,3500000000
Barat,3,3,151,Apartment,3600000000
Barat,3,2,68,Apartment,1800000000
Barat,3,3,153,Apartment,3200000000
Pusat,3,2,103,Apartment,2800000000
Selatan,2,1,81,Apartment,1700000000
Selatan,2,2,169,Apartment,6700000000
Selatan,1,1,38,Apartment,1916000000
Barat,2,2,96,Apartment,2350000000
Timur,3,2,45,House,79900000000
Barat,3,3,120,House,3500000000
Barat,4,4,150,House,3700000000
Timur,3,3,36,House,1140000000
Utara,5,5,273,House,7750000000
Selatan,3,3,120,House,2500000000
Selatan,4,4,121,House,2300000000
Utara,4,5,250,House,10000000000
Utara,4,4,450,House,25000000000
Selatan,3,3,276,Apartment,14500000000
Selatan,3,4,351,Apartment,31000000000
Timur,2,2,20,House,43500000000
Barat,3,3,80,House,2000000000
Utara,2,1,21,House,39900000000
Barat,5,3,247,House,5900000000
Barat,5,3,60,House,2000000000
Selatan,3,2,75,House,1750000000
Utara,3,3,120,House,4000000000
Barat,3,3,140,House,3000000000
Barat,2,3,115,House,3100000000
Utara,3,3,160,House,5000000000
Utara,3,3,90,House,3000000000
Selatan,4,4,106,House,2350000000
Selatan,5,6,973,House,45000000000
Selatan,4,4,816,House,95000000000
Timur,2,1,72,House,66700000000
Timur,2,1,50,House,55200000000
Selatan,3,3,100,House,2500000000
Barat,2,3,61,House,2100000000
Barat,4,3,160,House,5900000000
Barat,3,3,34,House,1190000000
Pusat,6,6,280,House,6500000000
Selatan,1,1,76,Apartment,2800000000
Selatan,6,4,270,House,9000000000
Selatan,8,5,420,House,11000000000
Timur,3,2,88,House,85000000000
Timur,3,2,72,House,1210000000
Selatan,4,3,178,House,4450000000
Utara,4,4,150,House,5200000000
Barat,3,3,260,House,5600000000
Barat,4,5,122,House,3350000000
Utara,5,4,381,House,17000000000
Selatan,4,4,267,House,8500000000
Utara,3,3,144,House,6800000000
Utara,5,3,600,House,55000000000
Barat,3,3,90,House,2750000000
Barat,4,4,178,House,4850000000
Selatan,3,3,80,House,1710000000
Utara,5,5,250,House,19500000000
Utara,3,3,150,House,4950000000
Barat,1,1,150,House,4500000000
Barat,3,3,58,House,1850000000
Selatan,4,3,97,House,2700000000
Selatan,4,3,76,House,1600000000
Selatan,4,3,88,House,1800000000
Selatan,4,4,95,House,1700000000
Timur,3,2,60,House,69500000000
Selatan,3,2,70,House,85000000000
Timur,2,2,19,House,43500000000
Pusat,2,1,36,House,1190000000
Utara,3,3,160,House,4950000000
Barat,7,7,778,House,32000000000
Barat,5,3,60,House,2000000000
Utara,3,3,250,House,8800000000
Pusat,3,3,40,House,1630000000
Selatan,5,4,126,House,3050000000
Selatan,6,3,400,House,6800000000
Barat,3,3,85,House,2750000000
Barat,4,2,312,House,5800000000
Barat,4,2,312,House,5800000000
Selatan,3,3,72,House,1700000000
Selatan,5,4,165,House,5500000000
Pusat,3,2,35,House,1630000000
Pusat,2,2,20,House,54000000000
Timur,5,5,750,House,24500000000
Timur,3,2,60,House,1000000000
Selatan,4,5,128,House,3000000000
Selatan,4,4,82,House,1850000000
Selatan,4,4,95,House,2500000000
Selatan,4,4,114,House,2850000000
Timur,3,3,60,House,1290000000
Timur,3,2,78,House,1340000000
Timur,3,2,83,House,80000000000
Selatan,3,3,51,House,3720000000
Timur,2,3,71,House,1500000000
Utara,5,4,113,House,5400000000
Barat,3,2,90,House,2000000000
Timur,3,3,61,House,1230000000
Utara,5,5,450,House,16000000000
Timur,4,3,96,House,2270000000
Barat,2,2,225,House,4700000000
Selatan,4,4,180,House,3350000000
Selatan,4,4,139,House,2200000000
Utara,3,3,136,House,5500000000
Timur,3,2,69,House,1180000000
Barat,1,7,66,House,4900000000
Barat,2,3,80,House,1800000000
Barat,4,2,260,House,5000000000
Barat,2,1,225,House,4700000000
Barat,5,3,247,House,5900000000
Barat,4,3,260,House,5600000000
Selatan,8,6,120,House,1.70E+11
Selatan,8,3,197,House,2600000000
Barat,5,4,195,House,4690000000
Selatan,3,2,60,House,1280000000
Selatan,3,3,77,House,2200000000
Timur,7,7,763,House,23000000000
Barat,1,1,26,Apartment,85000000000
Barat,1,1,38,Apartment,1250000000
Selatan,3,4,90,House,4900000000
Barat,3,2,65,Apartment,2400000000
Utara,4,3,184,House,9500000000
Barat,1,3,90,House,2750000000
Barat,5,6,233,House,6300000000
Barat,6,4,300,House,6800000000
Barat,4,5,54,House,1900000000
Timur,3,2,60,House,1170000000
Selatan,3,2,103,House,2800000000
Selatan,2,1,71,House,72000000000
Selatan,2,1,68,House,70000000000
Utara,2,2,115,Apartment,2750000000
Selatan,5,4,100,House,15000000000
Selatan,5,5,714,House,39500000000
Timur,3,2,62,House,1300000000
Utara,3,3,90,House,3300000000
Selatan,3,2,70,House,70000000000
Selatan,4,4,452,House,16000000000
Pusat,3,3,260,Apartment,16200000000
Barat,2,2,90,House,2150000000
Selatan,3,3,75,House,1850000000
Utara,3,3,102,House,3900000000
Selatan,5,6,727,House,48000000000
Utara,4,4,144,House,5850000000
Timur,3,2,45,House,79900000000
Pusat,4,5,813,House,50000000000
Selatan,4,4,129,House,3550000000
Utara,3,4,90,House,3000000000
Selatan,1,2,247,House,31400000000
Selatan,4,3,477,House,6750000000
Timur,3,3,168,House,4200000000
Barat,2,1,50,Apartment,1450000000
Utara,5,4,450,House,25000000000
Timur,5,2,415,House,9000000000
Utara,3,2,150,House,5200000000
Barat,3,2,105,House,3200000000
Selatan,4,4,160,House,5500000000
Barat,3,2,120,House,2100000000
Barat,4,3,230,House,13500000000
Barat,3,5,97,House,3300000000
Timur,3,2,57,House,89300000000
Utara,6,5,785,House,30000000000
Utara,5,5,290,House,11800000000
Utara,4,3,286,House,15000000000
Barat,3,3,75,House,2200000000
Selatan,5,4,96,House,3550000000
Selatan,3,2,120,House,4650000000
Barat,5,7,170,House,6300000000
Selatan,4,3,196,House,5200000000
Utara,2,1,73,Apartment,1200000000
Selatan,5,7,689,House,1.80E+11
Selatan,4,3,475,House,19000000000
Selatan,5,5,90,House,25000000000
Barat,4,3,88,House,3300000000
Selatan,2,2,135,Apartment,2950000000
Barat,2,3,115,House,3100000000
Utara,5,4,300,House,11300000000
Barat,4,2,140,House,2650000000
Selatan,5,5,683,House,23000000000
Selatan,2,1,72,House,60000000000
Utara,5,6,875,House,39500000000
Utara,4,3,780,House,20000000000
Utara,4,5,216,House,9500000000
Pusat,3,2,35,House,1600000000
Utara,3,3,75,House,2900000000
Pusat,2,2,42,House,1190000000
Timur,3,4,79,House,2810000000
Pusat,3,2,36,House,1380000000
Selatan,8,1,954,House,85000000000
Barat,3,3,120,House,2540000000
Selatan,2,2,80,House,1350000000
Selatan,3,3,91,House,1690000000
Selatan,5,5,135,House,3500000000
Pusat,3,3,36,House,1370000000
Barat,6,4,300,House,6800000000
Utara,5,5,300,House,20000000000
Barat,3,3,120,House,3500000000
Selatan,4,4,77,House,1520000000
Selatan,4,4,77,House,1700000000
Selatan,4,4,86,House,1800000000
Selatan,4,3,120,House,2500000000
Selatan,4,3,400,House,5000000000
Selatan,4,4,233,House,6500000000
Utara,4,3,700,House,19800000000
Timur,5,4,300,House,6300000000
Selatan,5,4,443,House,10000000000
Barat,5,8,170,House,6300000000
Timur,2,1,70,House,69900000000
Timur,3,2,50,House,74000000000
Selatan,3,3,97,House,1450000000
Barat,3,2,260,House,5000000000
Timur,2,1,30,House,89000000000
Barat,6,5,233,House,6300000000
Barat,5,7,170,House,6300000000
Barat,3,3,140,House,3000000000
Timur,5,3,173,House,3300000000
Selatan,3,3,192,Apartment,9000000000
Utara,4,3,360,House,18000000000
Utara,4,3,360,House,18000000000
Selatan,3,3,220,House,14500000000
Selatan,4,4,320,House,8500000000
Selatan,3,3,100,House,2700000000
Selatan,2,2,81,Apartment,1500000000
Pusat,3,3,44,House,1300000000
Timur,4,3,69,House,1700000000
Selatan,5,0,632,House,2.21E+11
Utara,4,4,407,House,12500000000
Timur,3,3,128,House,2500000000
Pusat,4,4,350,House,17000000000
Timur,3,2,45,House,79800000000
Timur,3,2,50,House,74000000000
Selatan,5,4,657,House,15000000000
Utara,6,5,416,House,16000000000
Utara,2,2,29,House,58800000000
Barat,4,2,260,House,5000000000
Barat,3,3,75,House,2200000000
Barat,2,3,80,House,1800000000
Barat,1,3,80,House,1800000000
Barat,2,3,60,House,2090000000
Barat,5,3,119,House,2100000000
Barat,3,3,68,House,2120000000
Utara,5,6,480,House,40000000000
Barat,3,3,202,House,4500000000
Barat,3,3,300,House,15000000000
Utara,3,3,144,House,7200000000
Selatan,3,4,160,House,3500000000
Selatan,4,3,320,House,4500000000
Selatan,5,3,952,House,13500000000
Barat,3,3,68,House,2120000000
Selatan,4,3,260,House,7400000000
Timur,3,2,122,House,99000000000
Timur,3,2,102,House,1700000000
Timur,2,2,90,House,97500000000
Timur,3,1,67,House,45000000000
Timur,3,3,36,House,1100000000
Selatan,4,4,30,House,16000000000
Pusat,3,3,36,House,1370000000
Timur,2,2,26,House,64600000000
Barat,2,1,44,Apartment,1230000000
Selatan,1,1,40,Apartment,1570000000
Pusat,2,3,36,House,1370000000
Timur,2,2,19,House,43500000000
Barat,3,4,97,House,3300000000
Barat,2,4,99,Apartment,3250000000
Timur,3,3,105,House,4000000000
Timur,4,4,126,House,3550000000
Barat,5,5,200,House,6500000000
Barat,4,4,346,House,8800000000
Utara,5,4,369,House,17000000000
Selatan,2,2,83,Apartment,3600000000
Barat,3,3,144,House,2990000000
Timur,2,1,85,House,72500000000
Timur,4,2,70,House,97200000000
Barat,1,3,58,House,1950000000
Barat,3,3,75,House,2200000000
Barat,4,4,240,House,5900000000
Selatan,3,2,120,Apartment,2500000000
Utara,4,3,120,House,4200000000
Timur,3,3,104,House,2600000000
Utara,4,3,216,House,7300000000
Barat,4,3,160,House,5500000000
Timur,3,2,70,House,78700000000
Utara,2,3,88,House,3650000000
Utara,3,3,100,House,3500000000
Barat,3,3,300,House,15000000000
Timur,4,3,120,House,2800000000
Selatan,3,3,80,House,1600000000
Pusat,4,3,350,House,17000000000
Selatan,3,3,84,House,2490000000
Selatan,4,5,320,House,8270000000
Selatan,4,4,147,House,4500000000
Selatan,4,4,240,House,8790000000
Selatan,3,4,93,House,1980000000
Selatan,3,2,103,House,2800000000
Selatan,8,3,200,House,2950000000
Barat,6,3,120,House,2100000000
Selatan,3,3,72,House,1700000000
Barat,3,3,68,House,2120000000
Barat,3,3,68,House,2600000000
Barat,3,3,66,House,2750000000
Timur,4,3,275,House,4500000000
Timur,4,3,275,House,4500000000
Selatan,3,2,60,House,1240000000
Timur,3,2,78,House,1700000000
Timur,3,2,50,House,69500000000
Timur,2,1,19,House,43500000000
Pusat,3,3,36,House,1300000000
Timur,3,2,82,House,1600000000
Timur,4,4,148,House,2600000000
Utara,3,3,136,House,5450000000
Barat,4,3,366,House,14800000000
Utara,4,3,200,House,7500000000
Timur,3,3,78,House,1550000000
Selatan,4,4,83,House,2660000000
Timur,4,3,96,House,2270000000
Selatan,4,4,160,House,5500000000
Selatan,3,3,134,House,3500000000
Timur,3,2,52,House,76500000000
Barat,2,1,49,Apartment,1000000000
Barat,4,3,105,House,3300000000
Barat,2,3,115,House,3100000000
Barat,5,4,35,House,1300000000
Barat,5,4,50,House,1750000000
Barat,3,3,120,House,3500000000
Barat,3,2,65,Apartment,1850000000
Barat,3,3,150,House,5200000000
Barat,4,4,50,House,1750000000
Barat,3,4,56,House,1300000000
Selatan,4,3,221,House,12500000000
Timur,4,4,200,House,4200000000
Barat,3,3,144,House,4800000000
Selatan,3,2,78,House,1500000000
Selatan,7,7,260,House,2.10E+11
Timur,3,2,75,House,1750000000
Pusat,1,1,42,Apartment,2100000000
Timur,3,2,50,House,67200000000
Utara,5,4,128,House,2750000000
Utara,2,2,45,House,1300000000
Timur,3,2,40,House,75000000000
Timur,3,2,75,House,90000000000
Timur,3,2,75,House,90000000000
Barat,4,3,250,House,9500000000
Pusat,5,6,376,House,18500000000
Barat,5,4,50,House,1750000000
Selatan,2,2,42,House,99000000000
Selatan,3,2,69,House,1190000000
Selatan,4,3,600,House,35000000000
Timur,5,3,113,House,4400000000
Utara,5,5,0,House,95000000000
Barat,2,3,88,Apartment,3200000000
Barat,2,3,99,Apartment,3650000000
Selatan,4,4,430,House,29500000000
Selatan,4,6,208,House,13000000000
Utara,2,1,35,Apartment,43800000000
Utara,3,3,160,House,5450000000
Utara,4,3,340,House,11500000000
Barat,5,3,115,House,2200000000
Barat,4,4,200,House,4350000000
Timur,4,4,147,House,2500000000
Timur,4,3,157,House,3700000000
Pusat,2,1,19,House,42800000000
Selatan,2,1,36,Apartment,70000000000
Selatan,3,3,127,House,18000000000
Utara,3,2,57,House,1750000000
Selatan,4,3,108,House,3600000000
Selatan,3,3,60,House,1120000000
Selatan,4,4,106,House,2300000000
Barat,3,2,50,House,1300000000
Utara,5,5,330,House,20000000000
Utara,3,3,120,House,4100000000
Utara,3,3,150,House,5500000000
Barat,3,3,34,House,1590000000
Barat,3,3,34,House,1290000000
Selatan,5,4,247,House,10500000000
Selatan,1,1,23,Apartment,40000000000
Barat,2,3,90,House,2550000000
Barat,2,1,48,House,1400000000
Barat,3,3,90,House,2500000000
Timur,2,1,60,House,80000000000
Selatan,3,2,60,House,1110000000
Selatan,3,2,60,House,1110000000
Timur,2,1,60,House,60000000000
Timur,3,2,80,House,1200000000
Barat,4,3,108,House,3000000000
Barat,3,3,80,House,2500000000
Barat,4,1,144,House,4450000000
Utara,3,3,75,House,3300000000
Utara,4,3,136,House,5800000000
Utara,4,5,420,House,24000000000
Utara,3,3,90,House,3800000000
Utara,5,5,542,House,33000000000
Utara,6,5,785,House,30000000000
Utara,3,3,150,House,5500000000
Utara,3,3,160,House,7500000000
Timur,3,1,90,House,1700000000
Pusat,4,2,36,House,95000000000
Timur,2,1,134,House,1500000000
Selatan,5,4,569,House,16000000000
Utara,3,3,150,House,4300000000
Selatan,2,1,60,Apartment,1970000000
Barat,5,4,490,House,15000000000
Timur,3,3,36,House,1140000000
Utara,2,1,42,Apartment,69700000000
Selatan,2,1,36,Apartment,76500000000
Selatan,3,2,116,Apartment,1850000000
Barat,3,3,58,House,1850000000
Barat,3,2,60,House,2090000000
Barat,1,1,150,House,4500000000
Barat,4,4,100,House,3300000000
Barat,4,3,250,House,8500000000
Utara,3,3,206,Apartment,4700000000
Utara,4,3,216,House,7200000000
Barat,4,3,180,House,5700000000
Barat,4,4,180,House,6050000000
Utara,3,2,90,House,3300000000
Pusat,2,1,20,House,45100000000
Selatan,4,5,350,House,42000000000
Selatan,5,6,100,House,39000000000
Selatan,4,4,140,House,2500000000
Barat,3,3,55,House,1550000000
Barat,4,3,136,House,3300000000
Timur,3,3,36,House,1140000000
Pusat,3,2,35,House,1630000000
Barat,4,4,147,House,3200000000
Barat,4,5,112,House,3350000000
Barat,2,2,160,House,3600000000
Barat,3,3,144,House,4800000000
Selatan,8,6,650,House,1.90E+11
Selatan,4,4,50,House,69000000000
Barat,3,2,90,House,1700000000
Barat,3,2,90,House,2000000000
Utara,3,4,200,House,8750000000
Utara,3,3,90,House,2800000000
Utara,4,4,258,House,14000000000
Barat,4,3,90,House,2350000000
Barat,7,7,200,House,7500000000
Utara,3,1,90,House,2450000000
Barat,2,2,72,House,1800000000
Barat,4,3,120,House,3250000000
Utara,3,3,290,House,13000000000
Utara,3,3,200,House,5400000000
Utara,4,3,270,House,10500000000
Utara,3,3,180,House,7200000000
Utara,5,5,175,House,7000000000
Utara,3,3,200,House,8900000000
Barat,4,3,350,House,4500000000
Barat,3,2,120,House,2000000000
Barat,7,3,200,House,4500000000
Barat,3,2,90,House,1900000000
Utara,5,1,150,House,6250000000
Utara,5,4,300,House,11500000000
Barat,4,3,200,House,6900000000
Utara,4,3,253,House,11500000000
Barat,5,3,290,House,5500000000
Barat,5,5,144,House,3500000000
Utara,3,2,120,House,3000000000
Barat,3,3,120,House,4400000000
Utara,3,3,120,House,4650000000
Barat,4,2,90,House,2500000000
Utara,4,4,90,House,4200000000
Utara,3,3,136,House,5900000000
Barat,2,3,76,House,2350000000
Barat,2,2,165,House,4720000000
Barat,4,2,260,House,5000000000
Utara,5,5,152,House,8500000000
Utara,6,5,513,House,12800000000
Utara,6,5,513,House,12800000000
Utara,5,3,202,House,5500000000
Utara,6,5,417,House,16000000000
Barat,6,5,370,House,26500000000
Utara,4,4,160,House,6300000000
Utara,3,4,192,House,8500000000
Timur,3,2,72,House,1100000000
Selatan,8,5,198,House,24000000000
Selatan,4,4,110,House,5000000000
Utara,3,3,90,House,3300000000
Timur,3,3,97,House,2450000000
Timur,5,5,51,House,1500000000
Barat,4,4,230,House,12500000000
Selatan,6,4,522,House,15500000000
Selatan,5,4,580,House,65000000000
Selatan,5,3,17,House,23000000000
Selatan,4,4,505,House,36000000000
Selatan,5,5,625,House,37000000000
Selatan,4,5,300,House,24000000000
Selatan,8,4,916,House,38000000000
Selatan,5,5,966,House,1.30E+11
Selatan,4,5,400,House,15500000000
Utara,5,6,375,House,12500000000
Utara,4,4,250,House,8300000000
Utara,6,6,325,House,13000000000
Utara,3,2,180,House,3700000000
Selatan,2,1,57,House,40000000000
Selatan,2,1,71,House,40000000000
Utara,4,5,300,House,16500000000
Utara,4,3,250,House,8300000000
Utara,3,3,250,House,8800000000
Barat,3,3,90,House,2650000000
Utara,4,4,300,House,16500000000
Barat,6,7,747,House,25000000000
Utara,5,4,330,House,21500000000
Barat,3,2,90,House,2000000000
Selatan,2,2,96,Apartment,3870000000
Selatan,2,1,46,Apartment,80000000000
Selatan,4,3,453,House,10200000000
Selatan,3,2,60,House,1200000000
Barat,4,3,125,House,2300000000
Selatan,4,3,240,House,4250000000
Barat,4,3,352,House,8000000000
Barat,3,3,115,House,2450000000
Selatan,3,3,105,House,2400000000
Timur,3,2,60,House,1070000000
Utara,4,4,240,House,8880000000
Utara,5,5,985,House,45000000000
Selatan,5,7,960,House,45000000000
Selatan,3,2,165,Apartment,3100000000
Pusat,2,1,57,Apartment,1050000000
Selatan,3,3,108,House,1850000000
Selatan,6,4,253,House,5000000000
Selatan,5,5,238,House,5900000000
Pusat,1,4,164,House,2800000000
Utara,3,3,136,House,5300000000
Barat,4,4,150,House,5000000000
Selatan,3,3,92,House,2390000000
Utara,4,3,126,House,4000000000
Pusat,5,5,220,House,5800000000
Utara,2,1,70,House,1450000000
Selatan,3,3,592,House,40000000000
Timur,3,2,78,House,1700000000
Timur,1,1,24,Apartment,59000000000
Selatan,4,3,141,House,5200000000
Selatan,5,4,503,House,23000000000
Selatan,5,3,925,House,7500000000
Selatan,4,4,120,House,5800000000
Utara,3,3,84,House,2750000000
Utara,3,3,90,House,3250000000
Barat,2,2,96,House,1450000000
Barat,3,3,125,House,2150000000
Barat,3,3,100,House,1750000000
Barat,3,3,125,House,2250000000
Barat,3,3,100,House,1750000000
Barat,3,3,125,House,2150000000
Barat,3,3,52,House,1300000000
Selatan,4,4,150,House,2450000000
Selatan,4,3,212,House,6300000000
Selatan,6,5,750,House,13700000000
Timur,2,1,15,House,33000000000
Timur,2,2,33,House,70000000000
Pusat,6,4,717,House,59000000000
Barat,4,2,216,House,2500000000
Barat,4,4,366,House,18000000000
Timur,3,2,98,House,3000000000
Barat,3,3,36,House,1450000000
Barat,1,1,149,House,8000000000
Selatan,3,3,179,House,2450000000
Utara,6,6,620,House,1.05E+11
Selatan,3,2,60,House,90000000000
Utara,3,2,90,House,1700000000
Utara,3,2,56,House,1750000000
Selatan,5,4,300,House,35000000000
Barat,2,2,60,House,80000000000
Utara,4,5,360,House,17500000000
Selatan,6,6,883,House,49000000000
Selatan,5,4,433,House,12500000000
Selatan,3,3,190,House,7500000000
Pusat,6,6,750,House,60000000000
Selatan,2,1,36,Apartment,70000000000
Barat,3,3,36,House,1450000000
Selatan,5,5,308,House,5900000000
Selatan,5,5,775,House,23000000000
Selatan,9,5,429,House,11500000000
Timur,6,6,591,House,7750000000
Timur,2,1,20,House,45000000000
Pusat,2,2,36,House,1300000000
Timur,4,3,240,House,4600000000
Timur,3,2,102,House,1690000000
Timur,3,2,107,House,1990000000
Timur,4,1,90,House,1500000000
Pusat,4,3,150,House,6000000000
Selatan,4,4,94,House,3550000000
Selatan,3,3,53,House,1150000000
Utara,4,3,175,House,6800000000
Timur,5,3,170,House,2400000000
Barat,2,1,88,Apartment,2000000000
Utara,5,5,330,House,21000000000
Utara,4,4,400,House,28000000000
Utara,5,4,209,House,6800000000
Utara,6,6,740,House,25000000000
Utara,4,4,120,House,3500000000
Utara,5,5,459,House,16000000000
Selatan,4,5,700,House,14000000000
Selatan,6,5,916,House,9900000000
Utara,3,4,90,House,2050000000
Barat,3,6,180,House,5300000000
Barat,3,3,68,House,2500000000
Barat,5,3,85,House,2050000000
Barat,3,3,104,House,2820000000
Selatan,3,3,300,House,17000000000
Selatan,4,3,759,House,13000000000
Barat,4,3,120,House,2700000000
Selatan,3,3,99,House,2490000000
Timur,4,3,152,House,2400000000
Timur,4,3,152,House,2400000000
Pusat,4,4,350,House,17000000000
Selatan,4,4,535,House,34000000000
Barat,4,3,160,House,5500000000
Utara,3,3,90,House,3100000000
Barat,5,5,416,House,12900000000
Barat,3,4,140,House,3750000000
Selatan,3,3,278,House,10000000000
Selatan,4,3,485,House,21000000000
Selatan,4,3,291,House,13500000000
Selatan,4,3,334,House,17900000000
Selatan,4,3,120,House,6500000000
Selatan,4,3,299,House,17200000000
Barat,2,3,225,House,4950000000
Selatan,5,4,709,House,9990000000
Selatan,1,1,400,House,3990000000
Timur,6,4,308,House,3850000000
Timur,3,3,100,House,1400000000
Utara,1,1,66,Apartment,95000000000
Selatan,3,3,71,House,1420000000
Pusat,3,2,30,House,1050000000
Barat,4,3,202,House,4500000000
Utara,5,4,200,House,8500000000
Barat,3,3,32,House,82800000000
Pusat,2,2,20,House,44700000000
Timur,3,2,36,House,1140000000
Barat,4,3,96,House,2100000000
Pusat,2,1,19,House,43400000000
Pusat,2,2,36,House,1370000000
Barat,2,2,60,House,80000000000
Utara,6,5,514,House,12800000000
Utara,3,3,184,House,8500000000
Timur,4,3,240,House,5500000000
Utara,3,3,90,House,3000000000
Utara,4,4,150,House,4800000000
Utara,3,3,90,House,3800000000
Utara,3,3,160,House,5600000000
Utara,5,4,276,House,12000000000
Utara,3,3,90,House,3000000000
Utara,5,4,175,House,4900000000
Utara,4,4,230,House,3900000000
Utara,3,2,235,House,5400000000
Utara,4,3,100,House,3650000000
Utara,3,5,67,House,2850000000
Utara,3,3,46,House,2350000000
Utara,4,3,225,House,7500000000
Utara,3,1,96,House,3600000000
Barat,6,7,747,House,25000000000
Timur,3,2,120,House,2600000000
Utara,3,3,153,House,5500000000
Pusat,3,2,35,House,1590000000
Timur,3,3,153,House,5500000000
Timur,4,3,200,House,4500000000
Utara,3,2,100,House,3500000000
Utara,3,2,90,House,1700000000
Timur,2,2,33,House,72500000000
Pusat,3,2,40,House,1630000000
Timur,2,1,27,House,65000000000
Utara,3,3,80,House,2350000000
Timur,2,1,19,House,43500000000
Utara,3,3,120,House,4000000000
Barat,2,1,717,House,14300000000
Barat,3,2,70,House,1610000000
Barat,4,4,178,House,4850000000
Barat,3,3,140,House,3000000000
Barat,4,4,144,House,3250000000
Barat,4,4,160,House,4200000000
Barat,3,2,144,House,3600000000
Barat,3,5,261,House,4950000000
Utara,3,3,220,House,10000000000
Barat,4,2,120,House,1500000000
Barat,4,2,180,House,3500000000
Selatan,5,5,487,House,45000000000
Barat,4,2,138,House,2500000000
Barat,7,7,800,House,36500000000
Barat,3,2,105,House,2200000000
Barat,3,2,90,House,1750000000
Utara,4,4,360,House,12500000000
Barat,3,4,135,House,3300000000
Barat,4,3,175,House,2450000000
Selatan,5,5,625,House,59000000000
Selatan,4,5,240,House,10000000000
Timur,2,3,36,House,1140000000
Selatan,4,5,265,House,5500000000
Selatan,3,3,200,House,3900000000
Selatan,4,2,800,House,48500000000
Selatan,3,1,152,House,3500000000
Timur,2,2,26,House,64600000000
Selatan,5,3,231,House,9850000000
Selatan,3,3,85,House,3970000000
Selatan,5,6,835,House,65000000000
Selatan,3,3,111,House,2950000000
Selatan,4,3,673,House,21000000000
Selatan,4,3,135,House,3600000000
Barat,2,3,33,House,82800000000
Timur,5,5,750,House,24000000000
Barat,4,2,90,House,1900000000
Barat,1,1,40,Apartment,97500000000
Barat,2,2,113,Apartment,3300000000
Barat,2,2,90,House,1800000000
Barat,3,4,340,House,7000000000
Timur,6,6,528,House,6900000000
Timur,3,2,180,House,2500000000
Timur,3,2,57,House,91000000000
Timur,3,3,160,House,4450000000
Selatan,4,3,104,House,2500000000
Utara,4,4,544,House,23500000000
Timur,5,4,228,House,6000000000
Selatan,5,3,250,House,14500000000
Utara,4,4,170,House,4250000000
Utara,3,3,90,House,3300000000
Pusat,4,3,259,House,11000000000
Timur,4,3,210,House,4700000000
Timur,6,4,260,House,7500000000
Timur,6,5,450,House,7500000000
Selatan,4,3,251,House,5800000000
Timur,3,2,220,House,3600000000
Utara,3,3,140,House,4500000000
Utara,4,4,930,House,32500000000
Pusat,8,6,450,House,19500000000
Pusat,2,2,44,House,88000000000
Utara,3,3,150,House,5600000000
Utara,3,3,110,House,2750000000
Barat,3,2,146,Apartment,2550000000
Barat,3,2,146,Apartment,3000000000
Selatan,3,2,217,House,3500000000
Utara,3,3,67,House,1750000000
Selatan,2,1,36,Apartment,70000000000
Selatan,3,3,282,House,17200000000
Selatan,3,4,269,House,17000000000
Selatan,4,4,535,House,32500000000
Pusat,2,2,130,Apartment,2700000000
Pusat,3,2,196,Apartment,3100000000
Pusat,1,1,40,Apartment,78000000000
Pusat,3,3,185,Apartment,3600000000
Selatan,4,4,203,House,6920000000
Selatan,4,3,500,House,42000000000
Selatan,7,4,864,House,33000000000
Selatan,5,5,66,House,34000000000
Barat,3,3,450,House,11500000000
Barat,4,2,360,House,6500000000
Barat,3,1,72,House,1900000000
Barat,5,4,90,House,2650000000
Timur,5,4,300,House,4000000000
Selatan,4,3,360,House,7500000000
Selatan,3,2,160,House,5900000000
Selatan,6,5,592,House,40000000000
Timur,2,1,60,House,49900000000
Barat,4,3,250,House,5800000000
Barat,2,2,48,House,1200000000
Timur,2,1,60,House,47000000000
Barat,3,3,90,House,2350000000
Barat,4,3,160,House,4250000000
Barat,3,2,90,House,2550000000
Timur,3,2,83,House,80000000000
Selatan,4,4,88,House,9000000000
Selatan,3,2,685,House,6350000000
Timur,3,2,136,House,1500000000
Timur,3,2,202,House,2700000000
Timur,3,3,74,House,1850000000
Selatan,5,3,284,House,5500000000
Selatan,3,3,512,House,12000000000
Timur,2,1,60,House,49900000000
Timur,3,2,40,House,65900000000
Selatan,2,2,236,Apartment,12500000000
Barat,3,3,144,House,3300000000
Barat,3,3,144,House,3150000000
Barat,4,4,180,House,4150000000
Barat,3,3,90,House,2350000000
Barat,4,3,160,House,5100000000
Barat,4,3,191,House,5700000000
Selatan,5,4,508,House,13000000000
Barat,1,6,85,House,3900000000
Selatan,2,2,63,Apartment,1450000000
Barat,2,1,96,House,1600000000
Barat,3,2,150,House,3100000000
Pusat,5,6,250,House,7500000000
Barat,2,1,90,House,1450000000
Barat,5,3,220,House,4300000000
Pusat,4,2,117,House,3300000000
Pusat,3,1,55,Apartment,87000000000
Selatan,6,5,500,House,20000000000
Timur,3,3,103,House,2100000000
Selatan,4,4,300,House,17200000000
Timur,2,2,33,House,70000000000
Selatan,4,2,560,House,28500000000
Utara,5,5,812,House,20000000000
Timur,1,1,24,Apartment,59000000000
Selatan,5,5,985,House,38000000000
Selatan,3,4,393,House,9000000000
Selatan,4,4,508,House,8500000000
Selatan,4,4,522,House,40000000000
Selatan,4,4,887,House,21000000000
Selatan,5,4,272,House,1.75E+11
Selatan,6,5,341,House,20000000000
Selatan,5,4,240,House,4250000000
Selatan,4,4,539,House,17500000000
Selatan,4,3,155,House,4700000000
Selatan,5,4,660,House,12000000000
Selatan,3,3,250,House,19000000000
Selatan,4,4,200,House,6800000000
Selatan,4,3,552,House,9500000000
Timur,3,2,96,House,1450000000
Selatan,4,2,135,House,2350000000
Selatan,3,3,77,House,2200000000
Utara,2,1,75,House,1200000000
Utara,2,2,75,House,1000000000
Barat,4,3,160,House,3150000000
Timur,3,2,68,House,1120000000
Utara,6,1,200,House,8500000000
Utara,1,1,46,Apartment,46500000000
Selatan,5,4,185,House,7000000000
Utara,5,4,220,House,7250000000
Pusat,1,1,24,Apartment,30000000000
Timur,4,5,210,House,3900000000
Utara,4,4,112,House,2150000000
Timur,4,3,195,House,3900000000
Selatan,6,5,300,House,10500000000
Pusat,4,3,120,House,4200000000
Pusat,6,6,212,House,7500000000
Utara,5,4,136,House,4500000000
Utara,4,5,220,House,7500000000
Selatan,8,8,170,House,4500000000
Utara,5,2,160,House,4000000000
Selatan,5,4,240,House,4250000000
Selatan,5,4,209,House,8500000000
Barat,2,1,45,Apartment,1250000000
Selatan,3,2,60,House,1270000000
Utara,4,3,153,House,4500000000
Selatan,3,2,60,House,1240000000
Barat,1,1,36,Apartment,77500000000
Selatan,4,5,438,House,19000000000
Utara,3,2,75,House,2900000000
Timur,3,3,196,House,1350000000
Barat,3,2,78,House,1700000000
Barat,4,3,66,House,2350000000
Selatan,6,5,296,House,11500000000
Selatan,4,4,94,House,3450000000
Selatan,4,4,77,House,1750000000
Selatan,4,4,18,House,21000000000
Selatan,5,3,449,House,14000000000
Selatan,5,3,362,House,32000000000
Utara,4,3,300,House,15500000000
Timur,4,3,170,House,2800000000
Selatan,4,4,103,House,2600000000
Barat,1,1,38,Apartment,1320000000
Utara,4,5,144,House,6000000000
Barat,2,1,88,Apartment,1500000000
Barat,2,1,88,Apartment,1500000000
Barat,2,1,88,Apartment,1500000000
Barat,3,2,65,Apartment,2150000000
Selatan,4,4,180,House,3350000000
Barat,2,1,88,Apartment,1600000000
Barat,2,1,50,Apartment,1570000000
Barat,2,1,88,Apartment,1520000000
Barat,2,1,88,Apartment,1750000000
Barat,3,2,146,Apartment,3100000000
Barat,3,2,146,Apartment,3000000000
Barat,2,1,88,Apartment,1500000000
Barat,3,2,146,Apartment,3100000000
Utara,2,2,25,House,52800000000
Selatan,4,4,77,House,1520000000
Selatan,4,4,80,House,1800000000
Selatan,4,4,92,House,2100000000
Selatan,3,3,197,House,2100000000
Utara,4,3,360,House,12500000000
Selatan,4,5,495,House,21000000000
Timur,3,2,90,House,1600000000
Selatan,3,2,350,House,5750000000
Pusat,7,8,733,House,49000000000
Timur,2,2,32,House,62100000000
Selatan,7,5,401,House,12000000000
Selatan,5,6,193,House,5800000000
Selatan,2,1,96,House,1700000000
Selatan,4,4,250,House,12000000000
Pusat,1,1,33,Apartment,55000000000
Selatan,5,5,420,House,18000000000
Selatan,3,3,384,House,5600000000
Timur,7,7,763,House,23000000000
Timur,3,2,60,House,1200000000
Pusat,2,2,60,House,1950000000
Selatan,2,1,121,Apartment,3600000000
Selatan,5,5,438,House,19000000000
Selatan,3,2,80,House,1200000000
Selatan,5,6,957,House,19900000000
Selatan,3,2,16,House,10000000000
Selatan,4,4,542,House,12800000000
Selatan,4,3,638,House,15000000000
Selatan,4,4,508,House,8500000000
Selatan,4,4,149,House,1.55E+11
Selatan,3,2,440,House,5500000000
Selatan,4,3,126,House,2500000000
Selatan,3,2,117,House,2650000000
Selatan,4,2,180,House,3700000000
Selatan,4,2,180,House,3000000000
Selatan,3,1,66,House,42500000000
Timur,3,3,180,House,2250000000
Selatan,7,7,217,House,7000000000
Utara,8,1,500,House,18000000000
Pusat,3,1,66,House,45000000000
Selatan,5,3,361,House,8950000000
Selatan,6,4,601,House,8000000000
Selatan,2,1,700,House,90000000000
Timur,2,2,24,House,43600000000
Selatan,4,3,459,House,27000000000
Selatan,4,4,458,House,9800000000
Utara,4,3,120,House,4200000000
Utara,3,3,120,House,3900000000
Selatan,3,2,270,House,3300000000
Barat,3,2,108,House,2200000000
Barat,4,3,173,House,2500000000
Selatan,5,2,826,House,15000000000
Utara,3,3,136,House,5400000000
Utara,4,3,96,House,4500000000
Barat,4,3,160,House,5100000000
Selatan,5,5,637,House,27000000000
Selatan,4,4,200,House,25000000000
Pusat,6,5,717,House,60000000000
Selatan,4,4,300,House,13000000000
Selatan,5,4,750,House,15800000000
Selatan,4,4,500,House,55000000000
Selatan,4,3,585,House,26000000000
Selatan,4,5,455,House,20000000000
Selatan,4,5,438,House,19000000000
Selatan,3,2,512,House,12000000000
Selatan,6,5,300,House,17000000000
Selatan,5,5,580,House,15000000000
Selatan,5,4,230,House,31000000000
Selatan,4,4,970,House,20500000000
Utara,3,3,160,House,12500000000
Barat,3,2,90,House,2150000000
Pusat,3,3,36,House,1450000000
Selatan,3,2,84,House,1900000000
Timur,2,2,40,House,86200000000
Selatan,2,2,98,Apartment,2000000000
Timur,3,3,36,House,1140000000
Timur,2,2,60,House,90000000000
Selatan,4,3,46,House,59000000000
Barat,4,3,350,House,11000000000
Barat,3,3,212,House,3000000000
Utara,2,2,120,Apartment,1500000000
Barat,5,4,397,House,10000000000
Timur,4,4,95,House,3300000000
Barat,3,2,120,House,2100000000
Selatan,3,2,136,House,2600000000
Selatan,3,2,179,House,2560000000
Pusat,7,3,142,House,5000000000
Barat,4,4,140,House,3500000000
Barat,4,3,117,House,2100000000
Utara,5,4,414,House,7300000000
Barat,2,2,44,House,1100000000
Barat,1,3,80,House,1800000000
Barat,4,3,88,House,2250000000
Barat,1,8,100,House,3200000000
Barat,4,3,90,House,3350000000
Barat,3,4,144,House,4300000000
Barat,5,3,60,House,2100000000
Utara,2,1,95,Apartment,2300000000
Barat,3,3,132,House,4000000000
Barat,5,2,119,House,2100000000
Barat,3,3,80,House,2500000000
Barat,5,4,96,House,3100000000
Barat,3,3,100,House,2980000000
Barat,3,3,75,House,2200000000
Barat,3,3,68,House,2120000000
Barat,3,3,37,House,1350000000
Barat,3,3,90,House,2350000000
Barat,3,3,60,House,2200000000
Barat,5,4,50,House,1750000000
Barat,2,2,45,House,1100000000
Barat,4,3,88,House,2250000000
Barat,5,4,96,House,3200000000
Barat,3,3,44,House,1450000000
Barat,1,8,100,House,3200000000
Utara,5,5,290,House,12500000000
Barat,3,3,282,House,5750000000
Pusat,2,1,70,Apartment,1000000000
Pusat,1,1,49,Apartment,62500000000
Pusat,2,1,70,Apartment,1050000000
Utara,3,2,69,Apartment,1750000000
Barat,4,3,90,House,3350000000
Barat,3,3,44,House,1390000000
Utara,2,1,50,Apartment,55000000000
Pusat,2,2,97,Apartment,1300000000
Utara,3,2,220,House,5600000000
Pusat,5,4,264,House,6250000000
Selatan,4,3,446,House,5600000000
Selatan,3,1,112,House,1670000000
Selatan,4,4,46,House,59000000000
Selatan,4,4,541,House,15500000000
Selatan,6,3,572,House,12000000000
Selatan,3,2,512,House,12000000000
Selatan,5,6,100,House,39000000000
Timur,3,3,104,House,2500000000
Selatan,3,2,76,House,1290000000
Selatan,5,3,300,House,7700000000
Selatan,3,3,215,House,4250000000
Selatan,6,4,865,House,55000000000
Selatan,4,2,48,House,1.02E+11
Barat,3,3,120,House,3100000000
Selatan,5,4,120,House,2400000000
Selatan,3,2,90,House,1500000000
Selatan,6,4,144,House,2750000000
Selatan,6,4,486,House,12500000000
Selatan,4,3,136,House,2450000000
Selatan,4,4,895,House,20000000000
Selatan,5,5,680,House,34000000000
Selatan,3,3,250,House,3900000000
Utara,3,3,150,Apartment,4500000000
Pusat,3,2,35,House,1630000000
Selatan,4,2,181,House,3250000000
Selatan,4,3,600,House,35000000000
Selatan,4,3,828,House,21000000000
Selatan,4,5,455,House,20000000000
Selatan,3,4,681,House,35000000000
Selatan,3,3,340,House,4700000000
Selatan,4,3,180,House,3200000000
Selatan,4,3,101,House,2300000000
Selatan,4,3,150,House,4200000000
Selatan,7,7,160,House,2500000000
Selatan,3,2,136,House,2500000000
Barat,3,3,60,House,2290000000
Utara,1,1,20,Apartment,40000000000
Barat,2,3,100,House,3300000000
Barat,2,2,921,House,9500000000
Barat,3,3,68,House,2470000000
Barat,2,3,108,House,2350000000
Selatan,4,4,321,House,15000000000
Utara,1,1,51,Apartment,1400000000
Selatan,4,4,927,House,11500000000
Selatan,5,5,420,House,18000000000
Selatan,5,3,300,House,10500000000
Selatan,4,3,542,House,12800000000
Utara,2,2,88,House,3500000000
Timur,4,4,84,House,2160000000
Selatan,3,3,150,House,2990000000
Timur,2,1,79,House,83800000000
Barat,1,1,44,Apartment,1400000000
Pusat,2,1,52,Apartment,2470000000
Timur,2,2,74,House,1000000000
Timur,3,3,94,House,1400000000
Utara,3,3,260,House,4800000000
Timur,2,2,40,House,86200000000
Timur,3,2,71,House,1300000000
Timur,3,2,53,House,1300000000
Selatan,3,2,180,House,8000000000
Selatan,3,3,400,House,9500000000
Barat,3,2,108,House,3000000000
Timur,4,3,174,House,2400000000
Timur,4,3,119,House,2900000000
Pusat,4,4,580,House,18700000000
Utara,4,3,144,House,5500000000
Selatan,1,0,350,House,29000000000
Selatan,5,4,182,House,7700000000
Selatan,7,4,264,House,10000000000
Barat,2,1,93,House,1850000000
Barat,2,1,52,Apartment,60000000000
Barat,3,3,226,House,3300000000
Barat,3,4,105,House,2700000000
Utara,5,5,580,House,35000000000
Utara,6,7,425,House,35000000000
Utara,3,4,150,House,5800000000
Selatan,3,2,77,House,1870000000
Selatan,3,2,52,House,1000000000
Utara,4,4,140,House,3900000000
Barat,4,4,220,House,4800000000
Selatan,3,2,81,House,2600000000
Timur,5,4,174,House,2750000000
Barat,4,3,210,House,5500000000
Timur,5,3,408,House,4300000000
Timur,3,3,150,House,6000000000
Timur,4,3,200,House,2500000000
Timur,4,3,120,House,1790000000
Selatan,5,3,625,House,39000000000
Selatan,4,3,624,House,58000000000
Timur,3,3,90,House,1650000000
Timur,5,4,280,House,4900000000
Timur,3,3,171,House,2700000000
Selatan,5,3,385,House,12000000000
Barat,4,3,90,House,2150000000
Selatan,3,3,129,House,3800000000
Selatan,4,4,280,House,5600000000
Selatan,4,3,348,House,4500000000
Selatan,3,2,53,House,54700000000
Selatan,3,3,60,House,1120000000
Pusat,4,3,283,House,3500000000
Barat,3,2,146,Apartment,3190000000
Barat,4,4,128,House,2740000000
Barat,4,3,218,House,4850000000
Barat,4,5,809,House,34900000000
Barat,4,5,809,House,34900000000
Barat,3,3,105,House,3190000000
Barat,3,3,282,House,5750000000
Selatan,4,4,248,House,12000000000
Selatan,4,4,772,House,13500000000
Selatan,3,3,77,House,2200000000
Barat,2,1,88,Apartment,1650000000
Barat,1,1,26,Apartment,75000000000
Timur,3,4,212,House,4500000000
Barat,3,3,144,House,4250000000
Barat,3,3,90,House,2300000000
Barat,2,2,108,House,2200000000
Selatan,5,5,680,House,34000000000
Timur,5,5,994,House,14000000000
Barat,3,3,135,Apartment,3790000000
Selatan,5,5,752,House,22000000000
Utara,4,3,160,House,4900000000
Selatan,4,3,300,House,17200000000
Selatan,7,3,49,House,13000000000
Selatan,5,5,772,House,14000000000
Timur,2,1,21,House,43500000000
Barat,1,1,26,Apartment,55000000000
Pusat,5,5,424,House,52000000000
Barat,1,2,97,Apartment,3750000000
Selatan,3,2,151,Apartment,5000000000
Selatan,3,2,151,Apartment,3950000000
Selatan,3,2,147,Apartment,4000000000
Selatan,3,2,140,Apartment,3900000000
Selatan,3,3,360,Apartment,9500000000
Selatan,4,3,273,Apartment,15000000000
Selatan,3,4,355,Apartment,22000000000
Timur,1,1,60,House,20100000000
Selatan,2,2,60,House,1600000000
Selatan,4,3,195,House,3900000000
Selatan,1,0,500,House,22000000000
Selatan,5,4,657,House,15000000000
Pusat,2,1,59,Apartment,2500000000
Selatan,1,1,688,House,40000000000
Barat,2,2,40,House,80000000000
Barat,3,4,68,House,2300000000
Selatan,5,4,200,House,3800000000
Selatan,4,4,784,House,15900000000
Barat,6,6,455,House,11700000000
Selatan,4,3,300,House,6500000000
Selatan,3,2,88,House,1850000000
Barat,2,1,90,House,2500000000
Timur,2,3,80,House,1650000000
Timur,4,3,152,House,2600000000
Timur,2,1,24,House,43600000000
Selatan,4,3,480,House,32000000000
Pusat,4,2,276,House,12000000000
Barat,5,3,350,House,11000000000
Timur,4,4,139,House,3500000000
Utara,5,1,120,House,4000000000
Selatan,5,5,508,House,10000000000
Selatan,3,3,126,House,5800000000
Selatan,4,4,603,House,55000000000
Selatan,4,4,400,House,19500000000
Selatan,5,5,641,House,32000000000
Selatan,6,7,34,House,38000000000
Selatan,6,3,572,House,12000000000
Utara,6,5,600,House,15000000000
Timur,2,2,33,House,76300000000
Timur,1,1,15,House,33000000000
Pusat,2,2,61,House,1230000000
Utara,6,5,600,House,15000000000
Barat,3,3,60,House,2250000000
Selatan,2,2,74,Apartment,1100000000
Barat,4,4,300,House,8000000000
Barat,4,3,90,House,3450000000
Barat,3,3,82,House,3600000000
Pusat,4,3,343,House,11500000000
Pusat,4,3,117,House,3000000000
Pusat,3,2,254,House,6500000000
Barat,4,3,198,House,3500000000
Barat,3,3,90,House,2600000000
Selatan,4,5,825,House,20000000000
Selatan,4,4,240,House,10000000000
Selatan,4,5,438,House,19000000000
Selatan,4,3,360,House,7500000000
Selatan,5,5,772,House,15000000000
Selatan,5,6,75,House,55000000000
Selatan,6,5,400,House,11800000000
Pusat,3,3,120,House,7000000000
Selatan,5,2,257,House,4950000000
Selatan,4,5,675,House,85000000000
Barat,3,1,90,House,2000000000
Selatan,3,3,215,House,9400000000
Timur,1,1,20,Apartment,43000000000
Timur,2,1,34,Apartment,69900000000
Barat,4,3,600,House,17500000000
Barat,3,3,120,House,3450000000
Utara,3,3,130,House,3100000000
Barat,7,4,175,House,4000000000
Timur,4,4,526,House,7950000000
Timur,3,2,216,House,1000000000
Selatan,3,3,250,House,9800000000
Selatan,4,5,175,House,11000000000
Selatan,3,2,69,House,1800000000
Pusat,5,4,722,House,72000000000
Selatan,3,3,512,House,12000000000
Selatan,4,4,182,House,3100000000
Selatan,5,4,515,House,15000000000
Selatan,4,3,621,House,17000000000
Selatan,4,6,200,House,48000000000
Selatan,4,4,505,House,35000000000
Selatan,5,5,877,House,45000000000
Selatan,4,3,360,House,7500000000
Selatan,3,3,142,House,3500000000
Selatan,5,3,572,House,12500000000
Selatan,3,3,654,House,6300000000
Selatan,3,2,441,House,8000000000
Selatan,4,3,170,House,5000000000
Selatan,5,6,310,House,5200000000
Selatan,4,3,150,House,3850000000
Selatan,4,4,600,House,12000000000
Barat,3,2,166,House,1800000000
Utara,2,1,90,House,1650000000
Timur,4,3,129,House,3250000000
Pusat,2,2,30,House,1110000000
Pusat,2,1,19,House,43800000000
Barat,5,5,336,House,9500000000
Utara,3,3,144,House,7200000000
Timur,3,2,72,House,1350000000
Utara,4,3,135,House,2550000000
Timur,4,1,90,House,1500000000
Timur,3,2,74,House,1400000000
Selatan,4,4,94,House,3550000000
Selatan,4,2,490,House,4500000000
Selatan,3,3,86,House,1850000000
Selatan,2,1,31,Apartment,36000000000
Selatan,1,1,21,Apartment,30000000000
Utara,3,3,90,House,2100000000
Utara,4,3,132,House,5000000000
Barat,4,4,200,House,5750000000
Selatan,3,2,180,Apartment,4300000000
Selatan,3,3,245,Apartment,8500000000
Utara,4,5,216,House,9500000000
Barat,3,2,50,House,1300000000
Selatan,3,3,155,House,5400000000
Timur,4,4,150,House,2500000000
Timur,2,1,72,House,87500000000
Timur,1,1,43,Apartment,80000000000
Selatan,4,4,390,Apartment,17500000000
Selatan,4,4,820,House,50000000000
Selatan,4,4,770,House,45000000000
Barat,3,3,211,House,4250000000
Utara,6,6,518,House,23000000000
Selatan,6,5,135,House,6250000000
Barat,3,2,130,House,2450000000
Utara,1,0,102,House,3750000000
Selatan,3,3,82,House,1800000000
Selatan,4,3,300,House,17500000000
Timur,5,3,190,House,1800000000
Selatan,3,3,250,House,3850000000
Selatan,5,5,240,House,4250000000
Selatan,3,2,512,House,12000000000
Selatan,4,3,542,House,12800000000
Selatan,4,4,508,House,8500000000
Selatan,3,2,121,Apartment,2700000000
Selatan,5,5,772,House,14000000000
Selatan,3,2,53,House,1250000000
Pusat,5,3,716,House,55000000000
Pusat,3,2,778,House,38000000000
Pusat,8,4,520,House,17000000000
Timur,3,2,53,House,1300000000
Timur,3,3,75,House,1300000000
Timur,3,3,75,House,1300000000
Utara,3,3,160,House,5200000000
Utara,4,3,187,House,6500000000
Utara,3,4,185,House,6500000000
Barat,4,2,155,House,2250000000
Selatan,3,2,128,Apartment,3500000000
Utara,2,1,62,Apartment,1300000000
Utara,2,1,64,Apartment,1500000000
Selatan,5,3,463,House,10500000000
Selatan,4,3,625,House,58000000000
Selatan,7,1,66,House,1.00E+11
Selatan,4,4,447,House,10000000000
Selatan,6,2,341,House,18500000000
Selatan,3,2,60,House,1170000000
Pusat,2,1,65,Apartment,1600000000
Selatan,4,3,0,House,18500000000
Selatan,5,5,547,House,17000000000
Barat,2,1,53,Apartment,1000000000
Selatan,4,4,300,House,10500000000
Selatan,3,3,183,House,4900000000
Utara,3,3,136,House,4800000000
Barat,4,3,220,House,5500000000
Pusat,6,4,763,House,65000000000
Timur,3,2,300,House,3300000000
Selatan,6,4,542,House,14000000000
Selatan,5,4,910,House,33000000000
Timur,9,8,531,House,10000000000
Selatan,4,4,104,House,3700000000
Selatan,5,4,768,House,37300000000
Selatan,4,4,638,House,15000000000
Selatan,3,3,330,House,14000000000
Selatan,5,5,420,House,18000000000
Selatan,5,5,831,House,35000000000
Utara,3,2,90,House,2900000000
Timur,4,3,350,House,4000000000
Barat,2,2,90,House,1800000000
Barat,3,4,55,House,1450000000
Barat,3,2,61,House,1750000000
Barat,3,3,150,House,5450000000
Barat,3,2,77,House,1800000000
Utara,3,4,144,House,6900000000
Utara,3,4,144,House,6900000000
Selatan,4,3,93,House,3100000000
Barat,5,4,247,House,5900000000
Selatan,8,4,235,House,28000000000
Selatan,5,4,655,House,15000000000
Selatan,4,3,290,House,45000000000
Selatan,4,3,378,House,8500000000
Utara,4,3,140,House,4200000000
Utara,3,3,144,House,5400000000
Utara,3,2,63,Apartment,1700000000
Barat,2,1,77,Apartment,1850000000
Barat,3,2,146,Apartment,2600000000
Barat,3,2,120,House,2150000000
Barat,5,3,247,House,5900000000
Barat,4,3,176,Apartment,3600000000
Barat,4,2,176,Apartment,3750000000
Barat,3,2,146,Apartment,2450000000
Barat,2,3,99,Apartment,3600000000
Pusat,3,2,117,Apartment,2390000000
Utara,3,3,250,House,8000000000
Utara,3,1,102,House,2100000000
Utara,4,3,210,House,5250000000
Timur,3,2,87,House,2300000000
Utara,4,4,150,House,4800000000
Barat,3,3,135,House,2750000000
Barat,3,2,90,House,2300000000
Barat,3,2,90,House,2300000000
Barat,4,2,130,House,2600000000
Barat,2,2,50,House,95000000000
Selatan,3,2,186,Apartment,6750000000
Pusat,5,3,240,House,5000000000
Timur,4,3,140,House,1450000000
Utara,2,1,110,Apartment,1350000000
Timur,4,4,388,House,6900000000
Timur,6,4,556,House,10500000000
Pusat,4,4,474,House,12000000000
Selatan,4,4,129,House,4100000000
Timur,6,2,408,House,10500000000
Timur,3,2,69,House,1770000000
Timur,3,2,85,House,1540000000
Selatan,4,4,470,Apartment,25000000000
Pusat,2,2,225,Apartment,10900000000
Utara,6,6,207,House,7500000000
Selatan,4,4,79,House,2600000000
Timur,3,2,120,House,1650000000
Timur,4,3,650,House,8500000000
Timur,5,3,277,House,4600000000
Utara,4,3,450,House,25000000000
Barat,3,3,64,House,2850000000
Utara,1,1,28,Apartment,89500000000
Barat,5,4,50,House,1750000000
Barat,3,3,37,House,1350000000
Barat,3,3,100,House,2980000000
Barat,1,3,80,House,2700000000
Utara,3,1,49,Apartment,68000000000
Utara,3,1,96,House,3300000000
Utara,3,1,128,House,3600000000
Utara,4,1,96,House,3500000000
Barat,2,1,82,Apartment,2950000000
Barat,3,2,156,Apartment,4000000000
Barat,2,2,48,House,1300000000
Barat,3,3,62,House,2200000000
Barat,4,4,50,House,1750000000
Barat,3,3,100,House,2990000000
Barat,3,3,37,House,1350000000
Barat,2,2,60,House,1450000000
Barat,3,3,282,House,5800000000
Selatan,3,3,65,House,1050000000
Barat,5,8,170,House,6500000000
Utara,2,2,90,House,2600000000
Utara,3,2,200,House,6200000000
Utara,4,3,184,House,9500000000
Utara,5,5,600,House,21000000000
Utara,2,2,90,House,2300000000
Barat,3,3,36,House,1450000000
Utara,3,3,97,House,3750000000
Utara,3,3,75,House,2500000000
Utara,3,2,144,House,5400000000
Utara,3,2,102,House,3900000000
Utara,4,2,120,House,5000000000
Barat,4,2,120,House,3700000000
Utara,3,2,120,House,4500000000
Utara,6,3,198,House,8000000000
Utara,3,3,136,House,5700000000
Utara,4,3,221,House,10100000000
Utara,4,3,200,House,5000000000
Utara,4,1,200,House,8500000000
Utara,4,4,200,House,7500000000
Utara,3,3,120,House,3900000000
Utara,3,3,150,House,6500000000
Utara,3,3,120,House,3700000000
Barat,3,3,75,House,2200000000
Barat,3,3,58,House,1950000000
Barat,4,3,53,House,1850000000
Barat,3,3,80,House,2700000000
Barat,3,4,56,House,2050000000
Barat,3,4,58,House,1990000000
Selatan,3,3,121,House,2650000000
Barat,3,3,36,House,1290000000
Selatan,3,4,136,House,2900000000
Selatan,3,2,64,House,1170000000
Selatan,4,4,179,House,2400000000
Selatan,3,3,140,House,5000000000
Selatan,9,8,929,House,59000000000
Selatan,5,3,617,House,17700000000
Selatan,5,4,360,House,9100000000
Selatan,4,3,585,House,12000000000
Selatan,3,2,66,House,97600000000
Pusat,2,1,20,House,44700000000
Barat,3,2,32,House,82500000000
Timur,3,2,66,House,68500000000
Selatan,1,1,33,Apartment,1000000000
Selatan,3,3,108,House,5000000000
Selatan,4,3,793,House,14700000000
Barat,3,3,135,Apartment,4500000000
Utara,4,3,780,House,20000000000
Utara,3,2,243,House,4900000000
Barat,2,2,78,Apartment,2500000000
Barat,2,2,78,Apartment,2800000000
Selatan,1,2,500,House,15000000000
Selatan,5,5,420,House,18000000000
Barat,2,1,108,House,1500000000
Barat,3,2,90,House,1870000000
Barat,6,4,200,House,5500000000
Pusat,3,2,70,Apartment,1300000000
Selatan,3,2,121,Apartment,3600000000
Selatan,3,2,129,Apartment,4500000000
Selatan,2,2,117,Apartment,2900000000
Timur,7,4,113,House,4400000000
Timur,3,2,70,House,1100000000
Selatan,5,4,600,House,17000000000
Timur,3,3,92,House,2500000000
Pusat,4,2,228,House,3870000000
Timur,5,4,539,House,10000000000
Selatan,9,9,295,House,17500000000
Timur,4,2,324,House,4970000000
Barat,2,1,132,House,2500000000
Selatan,3,2,136,House,2500000000
Selatan,4,2,180,House,2400000000
Barat,1,1,30,Apartment,60000000000
Barat,3,2,120,Apartment,3800000000
Selatan,3,2,72,House,99500000000
Utara,2,2,22,House,37900000000
Selatan,5,4,500,House,18000000000
Barat,4,3,250,House,7000000000
Barat,4,5,436,House,12900000000
Utara,3,3,150,House,4950000000
Selatan,4,3,453,House,10200000000
Selatan,4,4,120,House,2200000000
Selatan,3,3,140,House,2750000000
Utara,7,7,290,House,14500000000
Barat,2,1,42,Apartment,91000000000
Timur,6,4,766,House,5800000000
Barat,5,5,285,House,7800000000
Selatan,5,3,327,House,45000000000
Selatan,4,4,227,House,9170000000
Utara,3,3,120,House,4000000000
Selatan,5,5,830,Apartment,43000000000
Utara,5,5,525,House,34000000000
Utara,4,3,200,House,6200000000
Selatan,4,5,450,House,29000000000
Selatan,6,6,786,House,16000000000
Selatan,6,4,799,House,17500000000
Timur,3,3,115,House,2940000000
Selatan,4,2,195,House,3800000000
Timur,3,3,131,House,2500000000
Timur,3,3,144,House,2700000000
Timur,2,1,90,House,1400000000
Timur,3,2,53,House,1300000000
Selatan,4,4,805,House,70000000000
Selatan,1,2,214,House,11000000000
Selatan,5,4,814,House,41000000000
Selatan,5,5,820,House,34000000000
Selatan,5,5,420,House,18000000000
Selatan,5,3,300,House,10500000000
Selatan,4,5,375,House,7000000000
Selatan,5,5,438,House,19000000000
Utara,4,3,250,House,7500000000
Utara,5,4,800,House,45000000000
Timur,2,2,20,House,46600000000
Timur,8,8,114,House,3900000000
Pusat,2,1,20,House,44800000000
Barat,6,4,459,House,8000000000
Pusat,2,2,93,Apartment,2000000000
Pusat,2,2,21,House,60000000000
Timur,2,2,29,House,70000000000
Barat,4,4,132,House,4000000000
Selatan,7,5,447,House,5500000000
Pusat,3,2,34,House,1470000000
Utara,2,2,90,House,1900000000
Utara,3,3,68,House,1550000000
Barat,3,3,90,House,2800000000
Barat,3,3,90,House,1500000000
Barat,4,3,218,Apartment,6500000000
Barat,3,2,168,Apartment,3800000000
Selatan,2,2,157,Apartment,6500000000
Selatan,3,3,87,House,1850000000
Barat,2,1,95,Apartment,2400000000
Barat,2,2,88,Apartment,1950000000
Barat,4,3,178,Apartment,5500000000
Selatan,2,2,177,Apartment,10600000000
Selatan,4,4,337,House,30000000000
Selatan,4,4,240,House,14000000000
Timur,4,2,216,House,3600000000
Barat,1,1,21,Apartment,60000000000
Selatan,3,3,123,House,2100000000
Selatan,6,3,572,House,11500000000
Barat,3,3,132,House,4000000000
Barat,6,4,300,House,6900000000
Barat,3,3,85,House,2750000000
Barat,3,3,96,House,3490000000
Selatan,3,4,248,House,7500000000
Timur,3,3,36,House,1140000000
Pusat,2,2,20,House,54000000000
Selatan,4,3,131,House,3500000000
Selatan,2,2,78,Apartment,2750000000
Selatan,3,3,60,House,72500000000
Selatan,4,3,97,House,2700000000
Barat,3,2,88,House,1100000000
Barat,4,5,99,House,2700000000
Barat,2,4,100,House,3450000000
Barat,5,5,108,House,3250000000
Barat,2,2,70,House,2000000000
Utara,4,4,290,House,11800000000
Utara,4,4,184,House,9500000000
Utara,3,3,80,House,2350000000
Selatan,4,2,158,House,1100000000
Barat,1,3,77,House,2500000000
Pusat,7,5,660,House,48000000000
Selatan,9,9,125,House,6000000000
Selatan,3,2,362,House,13900000000
Utara,2,1,35,Apartment,55000000000
Barat,2,1,50,Apartment,1320000000
Selatan,3,2,84,House,1770000000
Selatan,3,3,103,House,2220000000
Pusat,2,2,21,House,56800000000
Utara,4,4,360,House,10000000000
Barat,4,3,120,House,5700000000
Selatan,2,2,234,House,2950000000
Selatan,4,4,731,House,50500000000
Pusat,5,5,521,House,8200000000
Timur,3,2,72,House,80000000000
Selatan,2,1,47,Apartment,99000000000
Barat,3,2,425,House,15000000000
Timur,3,3,153,House,5500000000
Barat,1,1,44,Apartment,1400000000
Barat,4,1,72,House,1900000000
Pusat,1,0,169,House,3950000000
Barat,3,2,90,House,3000000000
Barat,3,3,89,House,2800000000
Barat,4,3,84,House,5750000000
Barat,3,3,75,House,3000000000
Barat,3,0,188,House,7000000000
Timur,4,3,200,House,4500000000
Barat,5,4,405,House,10000000000
Barat,7,3,145,House,3650000000
Barat,3,2,72,House,2050000000
Barat,3,2,65,House,2650000000
Barat,4,3,150,House,7500000000
Pusat,4,3,428,House,11000000000
Barat,3,2,90,House,2500000000
Pusat,5,4,200,House,7900000000
Barat,2,1,42,Apartment,85000000000
Selatan,1,0,535,House,52900000000
Selatan,4,3,211,House,7900000000
Barat,2,1,42,Apartment,85000000000
Utara,3,3,75,House,2300000000
Utara,3,3,160,House,7300000000
Timur,3,2,72,House,1100000000
Pusat,2,1,94,Apartment,1000000000
Barat,3,3,178,Apartment,3800000000
Selatan,2,1,169,House,4000000000
Selatan,3,2,155,Apartment,6000000000
Selatan,3,3,370,Apartment,22000000000
Barat,2,1,40,Apartment,87500000000
Barat,2,1,42,Apartment,87500000000
Barat,3,2,100,Apartment,3300000000
Barat,2,1,40,Apartment,68500000000
Utara,3,2,150,House,4950000000
Timur,3,3,36,House,1140000000
Timur,2,2,21,House,43500000000
Timur,2,1,17,House,39200000000
Utara,4,4,250,House,7900000000
Timur,3,3,241,House,2900000000
Utara,6,6,358,House,17500000000
Utara,3,3,90,House,3300000000
Selatan,4,3,741,House,11000000000
Barat,3,3,120,House,2820000000
Selatan,6,5,855,House,19200000000
Selatan,4,4,205,House,7850000000
Selatan,6,5,926,House,31500000000
Utara,4,3,350,House,9400000000
Selatan,6,5,925,House,16500000000
Selatan,4,3,148,House,5000000000
Selatan,4,4,240,House,16000000000
Pusat,2,2,20,House,47700000000
Barat,2,2,60,House,1350000000
Barat,2,2,48,House,1200000000
Timur,2,1,33,House,76300000000
Pusat,4,3,86,House,3070000000
Pusat,2,2,21,House,60800000000
Utara,3,3,150,House,5000000000
Timur,5,5,150,House,3400000000
Timur,6,5,511,House,7500000000
Timur,5,5,240,House,4200000000
Timur,5,3,190,House,1800000000
Utara,3,2,90,House,2990000000
Timur,2,2,19,House,43500000000
Selatan,3,2,127,Apartment,2250000000
Selatan,5,5,772,House,14000000000
Barat,2,8,398,House,9800000000
Pusat,4,3,120,House,6000000000
Timur,4,2,48,House,35000000000
Timur,3,2,93,House,1400000000
Timur,3,2,45,House,1100000000
Timur,2,1,91,House,90000000000
Timur,3,1,207,House,1500000000
Timur,5,2,206,House,2900000000
Selatan,3,3,237,House,4500000000
Selatan,3,3,105,House,2200000000
Barat,4,4,404,House,11500000000
Utara,2,2,65,House,1470000000
Utara,3,2,65,House,1950000000
Utara,3,3,67,House,1670000000
Barat,3,4,64,House,1900000000
Selatan,3,3,120,House,2500000000
Pusat,4,3,120,Apartment,6000000000
Selatan,5,6,600,House,16000000000
Selatan,4,3,225,House,6950000000
Utara,4,3,486,House,14000000000
Utara,5,4,264,House,11500000000
Utara,5,4,296,House,8000000000
Utara,5,5,360,House,15000000000
Utara,3,2,96,House,3300000000
Utara,4,3,126,House,3600000000
Utara,3,2,105,House,2800000000
Selatan,4,4,772,House,13500000000
Selatan,5,4,247,House,10500000000
Selatan,3,3,90,House,1620000000
Selatan,4,4,125,House,2100000000
Selatan,4,4,125,House,3050000000
Selatan,3,3,200,House,2900000000
Barat,3,3,200,House,3500000000
Utara,5,3,204,House,6900000000
Utara,6,6,428,House,10000000000
Selatan,2,2,110,Apartment,6500000000
Timur,4,3,200,House,2150000000
Selatan,3,3,94,House,1750000000
Pusat,1,1,70,Apartment,1000000000
Barat,5,3,144,House,2600000000
Utara,4,3,120,House,3600000000
Barat,2,1,120,Apartment,86500000000
Selatan,3,2,50,House,1030000000
Selatan,3,3,94,House,1950000000
Selatan,3,3,222,House,5500000000
Timur,3,2,210,House,1550000000
Timur,3,3,120,House,2200000000
Selatan,3,4,149,House,5600000000
Selatan,5,4,185,House,14500000000
Barat,5,4,270,House,7000000000
Utara,4,3,324,House,7000000000
Utara,4,3,300,House,10000000000
Timur,5,4,120,House,2500000000
Barat,1,1,26,Apartment,45000000000
Selatan,4,4,483,House,46900000000
Utara,4,4,72,House,3500000000
Selatan,5,6,193,House,5900000000
Selatan,3,3,400,House,8500000000
Selatan,2,2,70,House,1570000000
Selatan,5,4,503,House,19000000000
Selatan,3,3,109,House,1900000000
Selatan,6,4,390,House,7500000000
Selatan,4,4,793,House,42000000000
Selatan,7,8,790,House,1.70E+11
Pusat,5,5,629,House,4.00E+11
Selatan,5,5,200,House,11000000000
Selatan,3,3,612,House,18500000000
Selatan,4,4,227,House,9900000000
Selatan,3,3,30,House,55000000000
Selatan,6,5,708,House,51000000000
Selatan,5,4,613,House,19000000000
Selatan,5,5,600,House,30000000000
Selatan,5,3,17,House,21000000000
Selatan,6,6,260,House,3.00E+11
Selatan,3,3,250,House,60000000000
Barat,3,4,98,House,3290000000
Selatan,9,6,240,House,1.10E+11
Pusat,4,4,600,House,2.50E+11
Selatan,9,7,365,House,95000000000
Pusat,4,4,480,House,75500000000
Selatan,5,5,576,House,22000000000
Timur,3,3,75,House,1300000000
Barat,2,1,40,Apartment,95000000000
Selatan,3,2,226,House,5000000000
Selatan,4,4,320,House,8500000000
Barat,5,3,358,House,5600000000
Selatan,3,3,315,House,9900000000
Selatan,4,4,283,House,5660000000
Selatan,3,4,104,House,3980000000
Barat,2,1,50,Apartment,1450000000
Utara,4,3,120,House,4200000000
Selatan,4,4,793,House,42000000000
Pusat,4,5,474,House,72000000000
Selatan,3,3,207,House,3900000000
Utara,4,4,450,House,25000000000
Utara,3,1,120,House,4700000000
Utara,3,3,135,House,3900000000
Timur,7,4,70,House,6000000000
Timur,6,1,575,House,9000000000
Selatan,4,3,973,House,26500000000
Timur,5,5,525,House,9500000000
Selatan,5,5,714,House,47000000000
Barat,3,2,144,House,4500000000
Barat,2,1,120,House,1400000000
Barat,3,2,140,House,2100000000
Barat,4,3,240,House,4500000000
Barat,2,1,108,House,3800000000
Barat,3,4,58,House,2700000000
Barat,3,4,58,House,1950000000
Utara,2,2,168,House,3500000000
Utara,6,5,300,House,11000000000
Pusat,4,2,116,Apartment,1500000000
Barat,4,3,144,House,6500000000
Selatan,4,4,200,House,5900000000
Utara,3,2,180,House,8000000000
Barat,3,3,90,House,1950000000
Barat,2,2,180,House,2300000000
Barat,2,2,108,House,2500000000
Barat,4,3,90,House,2400000000
Selatan,4,3,40,House,50000000000
Selatan,4,3,225,House,6950000000
Selatan,3,3,183,House,4900000000
Selatan,5,4,787,House,18000000000
Selatan,4,5,314,House,28500000000
Selatan,5,5,438,House,19000000000
Selatan,3,4,315,House,14900000000
Selatan,4,4,426,House,21500000000
Selatan,1,1,40,Apartment,95000000000
Selatan,3,3,137,House,3500000000
Utara,2,1,57,Apartment,79000000000
Selatan,3,3,254,House,10800000000
Selatan,3,4,512,House,12000000000
Pusat,5,3,675,House,11400000000
Utara,3,3,80,House,2400000000
Barat,2,2,145,Apartment,2700000000
Utara,3,3,90,House,2900000000
Selatan,2,2,236,Apartment,12900000000
Barat,4,3,165,House,2800000000
Barat,5,4,360,House,8000000000
Selatan,4,2,600,House,7000000000
Pusat,4,3,120,House,5800000000
Selatan,4,4,285,House,25000000000
Selatan,5,8,518,House,16500000000
Barat,4,2,180,House,3100000000
Pusat,1,4,178,House,2900000000
Barat,2,1,88,Apartment,1670000000
Pusat,1,1,37,Apartment,58500000000
Utara,4,2,450,House,9600000000
Pusat,3,2,73,Apartment,1300000000
Timur,8,6,300,House,4750000000
Barat,2,2,113,Apartment,3250000000
Pusat,5,4,200,House,10500000000
Pusat,2,1,70,Apartment,1050000000
Pusat,3,3,120,House,5800000000
Selatan,2,2,170,Apartment,5950000000
Pusat,2,2,165,Apartment,3100000000
Timur,8,7,300,House,4750000000
Pusat,1,1,73,Apartment,1100000000
Pusat,3,3,432,Apartment,7500000000
Barat,4,2,120,House,2200000000
Utara,6,5,412,House,18000000000
Selatan,2,2,166,Apartment,6200000000
Pusat,2,2,92,Apartment,2350000000
Pusat,3,2,192,Apartment,3400000000
Barat,4,2,180,House,3100000000
Barat,1,1,150,House,4500000000
Utara,3,2,90,House,1700000000
Pusat,3,2,99,Apartment,1480000000
Pusat,2,2,165,Apartment,3000000000
Utara,3,3,271,House,8750000000
Pusat,4,4,200,House,8800000000
Pusat,2,1,119,Apartment,1750000000
Selatan,4,4,822,House,48500000000
Selatan,3,3,624,House,21000000000
Timur,6,5,349,House,4990000000
Timur,2,2,32,House,76100000000
Utara,4,4,250,House,4950000000
Selatan,2,1,38,Apartment,80000000000
Selatan,2,1,38,Apartment,80000000000
Selatan,5,4,199,House,8900000000
Selatan,4,4,402,House,20000000000
Selatan,3,2,134,House,2800000000
Timur,3,2,101,House,1100000000
Selatan,1,9,960,House,11000000000
Barat,6,6,240,House,6500000000
Utara,3,3,250,House,7000000000
Utara,3,2,90,House,2800000000
Selatan,5,4,700,House,18000000000
Barat,6,4,657,House,15000000000
Selatan,2,2,106,Apartment,2750000000
Selatan,3,4,118,House,8000000000
Barat,3,3,90,House,3250000000
Barat,4,4,221,House,7200000000
Selatan,4,4,203,House,8500000000
Selatan,4,3,200,House,5600000000
Selatan,3,2,127,Apartment,4000000000
Barat,3,2,97,House,2000000000
Selatan,3,2,160,House,3700000000
Selatan,3,3,153,House,4650000000
Selatan,6,5,768,House,36000000000
Selatan,2,3,170,Apartment,6500000000
Barat,2,2,48,House,86000000000
Selatan,3,2,362,House,13900000000
Selatan,4,4,220,House,3300000000
Selatan,7,7,266,House,5500000000
Barat,6,6,600,House,18000000000
Barat,4,5,346,House,8800000000
Selatan,4,3,630,House,13000000000
Barat,4,2,135,House,2190000000
Selatan,6,5,450,House,30000000000
Pusat,3,2,167,Apartment,4200000000
Pusat,1,0,589,House,23500000000
Pusat,4,4,931,House,67000000000
Selatan,1,6,488,House,33000000000
Selatan,3,3,250,House,19000000000
Selatan,4,4,48,House,1.02E+11
Utara,4,4,503,House,18000000000
Timur,3,2,65,House,1150000000
Selatan,4,4,410,House,25000000000
Timur,4,4,90,House,2500000000
Timur,5,4,119,House,2900000000
Selatan,3,2,998,House,38000000000
Pusat,2,1,21,House,41000000000
Pusat,2,2,20,House,50000000000
Selatan,2,1,102,Apartment,2350000000
Timur,3,3,42,House,1350000000
Selatan,2,1,79,Apartment,1700000000
Timur,2,1,21,House,40000000000
Timur,2,2,63,House,76100000000
Timur,2,1,24,House,43600000000
Timur,2,1,26,House,64600000000
Pusat,2,2,149,Apartment,5000000000
Selatan,3,2,118,House,3900000000
Selatan,3,3,137,House,3500000000
Selatan,5,4,973,House,44700000000
Selatan,4,4,653,House,20000000000
Pusat,5,3,112,House,4900000000
Barat,3,2,90,House,2650000000
Pusat,5,3,129,House,1850000000
Barat,3,3,195,House,4300000000
Barat,5,3,180,House,3100000000
Barat,4,3,135,House,3600000000
Barat,4,3,120,House,3300000000
Barat,2,1,50,Apartment,1550000000
Utara,3,3,220,House,8000000000
Timur,5,5,200,House,4300000000
Selatan,3,2,164,House,5900000000
Selatan,3,4,128,House,7700000000
Barat,3,1,208,House,3600000000
Selatan,4,4,945,House,53000000000
Selatan,3,2,450,House,23500000000
Utara,4,3,200,House,7750000000
Barat,3,2,54,House,1600000000
Barat,7,4,306,House,6500000000
Barat,6,4,93,House,3000000000
Barat,3,3,208,House,3600000000
Barat,3,2,54,House,1600000000
Barat,1,1,50,Apartment,1550000000
Barat,3,3,135,Apartment,4100000000
Pusat,4,4,248,House,29000000000
Barat,3,3,200,House,6000000000
Utara,4,4,300,House,16000000000
Barat,4,3,120,House,6500000000
Selatan,3,3,150,House,2750000000
Selatan,4,4,163,House,5500000000
Barat,3,2,165,Apartment,2100000000
Barat,2,1,42,Apartment,48800000000
Selatan,3,2,117,House,2300000000
Selatan,5,4,729,House,18000000000
Selatan,5,4,377,House,3500000000
Timur,5,3,190,House,1800000000
Utara,5,5,345,House,14000000000
Utara,4,6,576,House,20000000000
Utara,4,4,250,House,8300000000
Utara,5,4,187,House,6000000000
Utara,4,3,120,House,4900000000
Selatan,4,3,200,House,83000000000
Pusat,3,2,349,House,11900000000
Barat,7,4,348,House,9500000000
Selatan,4,3,223,House,6500000000
